<?xml version="1.0" encoding="UTF-8"?>
<beans xmlns="http://www.springframework.org/schema/beans"
       xmlns:mvc="http://www.springframework.org/schema/mvc" xmlns:xsi="http://www.w3.org/2001/XMLSchema-instance"
       xmlns:p="http://www.springframework.org/schema/p" xmlns:context="http://www.springframework.org/schema/context"
       xsi:schemaLocation="http://www.springframework.org/schema/beans
		http://www.springframework.org/schema/beans/spring-beans-4.1.xsd 
		http://www.springframework.org/schema/context 
		http://www.springframework.org/schema/context/spring-context-4.1.xsd 
		http://www.springframework.org/schema/mvc 
		http://www.springframework.org/schema/mvc/spring-mvc-4.1.xsd">

    <!-- 自动扫描@Controller注入为bean -->
    <context:component-scan base-package="com.wittymonkey.controller"/>

    <!-- 以下为SpringMVC配置 -->
    <mvc:annotation-driven>
        <!-- 返回json数据，@response使用 -->
        <mvc:message-converters register-defaults="true">
            <bean
                    class="org.springframework.http.converter.json.MappingJackson2HttpMessageConverter">
                <property name="supportedMediaTypes">
                    <list>
                        <value>text/html;charset=UTF-8</value>
                        <value>application/json;charset=UTF-8</value>
                    </list>
                </property>

            </bean>
        </mvc:message-converters>
    </mvc:annotation-driven>

    <!-- 拦截器的配置 -->
    <mvc:interceptors>
        <!-- 多个拦截器，顺序执行 -->
        <mvc:interceptor>
            <mvc:mapping path="/*.do"/>
            <bean class="com.wittymonkey.interceptor.LoginInterceptor">
                <property name="except">
                    <list>
                        <value>/toLogin.do</value>
                        <value>/login.do</value>
                        <value>/toRegist.do</value>
                        <value>/toRegistHotel.do</value>
                        <value>/toRegistUser.do</value>
                        <value>/toComplete.do</value>
                        <value>/toPrev.do</value>
                        <value>/validateIdCard.do</value>
                        <value>/getValidateCode.do</value>
                        <value>/validateEmailCode.do</value>
                        <value>/validatePicCode.do</value>
                        <value>/validatePlace.do</value>
                        <value>/regist.do</value>
                        <value>/validateLoginName.do</value>
                        <value>/validateEmail.do</value>
                        <value>/toForgetPassword.do</value>
                        <value>/forgetPassword.do</value>
                    </list>
                </property>
            </bean>
        </mvc:interceptor>
    </mvc:interceptors>


    <!-- 对模型视图名称的解析，即在模型视图名称添加前后缀 -->
    <bean
            class="org.springframework.web.servlet.view.InternalResourceViewResolver">
        <property name="viewClass"
                  value="org.springframework.web.servlet.view.JstlView"/>
        <property name="prefix" value="/WEB-INF/jsp/"/>
        <property name="suffix" value=".jsp"/>
    </bean>
    <bean id="messageSource"
          class="org.springframework.context.support.ResourceBundleMessageSource">
        <property name="basenames" value="i18n/messages"></property>
        <property name="useCodeAsDefaultMessage" value="true"></property>
    </bean>
</beans>